<?xml version="1.0" encoding="UTF-8"?>
<beans xmlns="http://www.springframework.org/schema/beans"
              xmlns:context="http://www.springframework.org/schema/context"
              xmlns:xsi="http://www.w3.org/2001/XMLSchema-instance"
              xsi:schemaLocation="
http://www.springframework.org/schema/beans
http://www.springframework.org/schema/beans/spring-beans-3.0.xsd
http://www.springframework.org/schema/context
http://www.springframework.org/schema/context/spring-context-3.0.xsd">
<!-- Enable annotation driven controllers, validation etc... -->
<context:component-scan base-package="com.cg.spring.mvc"></context:component-scan>
  <bean class="org.springframework.web.servlet.view.InternalResourceViewResolver" id="viewResolver">
  <property name="prefix" value="/WEB-INF/views/"></property>
  <property name="suffix" value=".jsp"></property>
  </bean>
</beans>