<?xml version="1.0" encoding="UTF-8"?>
<beans xmlns="http://www.springframework.org/schema/beans"
	xmlns:xsi="http://www.w3.org/2001/XMLSchema-instance"
	xmlns:context="http://www.springframework.org/schema/context"
	xsi:schemaLocation="http://www.springframework.org/schema/beans http://www.springframework.org/schema/beans/spring-beans.xsd
		http://www.springframework.org/schema/context http://www.springframework.org/schema/context/spring-context-4.3.xsd">
     <context:annotation-config></context:annotation-config>   
        
<bean id="emp" class="com.cg.springcore.Employee" init-method="init" destroy-method="destroyBean"></bean>
<bean id="c" class="com.cg.spring.core.beans.Customer">
<property name="firstname" value="Manasa"></property>
<property name="lastname" value="Madam"></property>
<property name="list">
<list>
<ref bean="addr"/>
<ref bean="addr2"/>
</list>
</property>

<property name="set">
<set>
<value>Manasa</value>
</set>
</property>

<property name="map">
<map>
<entry key="1" value-ref="addr"></entry>
</map>
</property>

</bean>

<bean id="addr" class="com.cg.spring.core.beans.Address">
<constructor-arg name="city" value="Hyderabad"/>
<constructor-arg name="state" value="TS"/>
</bean>

<bean id="addr2" class="com.cg.spring.core.beans.Address">
<constructor-arg name="city" value="Vizag"/>
<constructor-arg name="state" value="AP"/>
</bean>















</beans>

