<?xml version="1.0" encoding="UTF-8"?>  
<beans  
    xmlns="http://www.springframework.org/schema/beans"  
    xmlns:xsi="http://www.w3.org/2001/XMLSchema-instance"  
    xmlns:p="http://www.springframework.org/schema/p"  
    xsi:schemaLocation="http://www.springframework.org/schema/beans  
                http://www.springframework.org/schema/beans/spring-beans-3.0.xsd">  
  
<!--  <bean id="e1" class="com.cg.springco.Employee">  
<constructor-arg name="id" value="1"></constructor-arg>
<constructor-arg name="name" value="manasa"></constructor-arg>  
</bean>  -->
<bean id="e" class="com.cg.springco.Employee">  
<constructor-arg value="10" type="int" ></constructor-arg>  
<constructor-arg value="Sonoo"></constructor-arg>  
</bean> 

<!--  <bean id="e1" class="com.cg.springco.Employee">  
<property name="id" value="1"/>
<property name="name" value="manasa"/>  
</bean>
  -->
</beans>  