<?xml version="1.0" encoding="UTF-8"?>
<beans
	 xmlns="http://www.springframework.org/schema/beans"
	xmlns:xsi="http://www.w3.org/2001/XMLSchema-instance"
	xmlns:context="http://www.springframework.org/schema/context"
	xsi:schemaLocation="http://www.springframework.org/schema/beans http://www.springframework.org/schema/beans/spring-beans.xsd
		http://www.springframework.org/schema/context http://www.springframework.org/schema/context/spring-context-4.3.xsd">
	<bean id="e" class="com.cg.springco.Employee">
		<property name="id" value="123"/>
		<property name="name" value="manasa"/>
		<property name="dept" ref="de"></property>
	</bean>
<bean id="de" class="com.cg.springco.Department">
	<property name="deptno" value="12"/>
		<property name="desig" value="a"/>
		</bean>
</beans>